architecture_id,parameter_count,epoch,validation_accuracy,validation_loss,rank,final_rank
a83ea7b58d95ed4f,8074,1,0.4082,1.6061731378555297,6.0,6.0
705b59bb327205f7,157482,1,0.4796,1.4188113275527954,5.0,5.0
a73c7cf20a8bf855,68458,1,0.4892,1.3976580160140992,4.0,4.0
0bdd44692f5e42bb,70922,1,0.548,1.2837716312408447,3.0,3.0
52d58d4515c54422,69514,1,0.5828,1.1541332635879518,2.0,2.0
c88579b3ad9a3218,360490,1,0.5856,1.2033457329750061,1.0,1.0
a83ea7b58d95ed4f,8074,2,0.4554,1.4986870428085328,6.0,6.0
705b59bb327205f7,157482,2,0.5522,1.3062461597442627,5.0,5.0
a73c7cf20a8bf855,68458,2,0.556,1.2570700729370117,4.0,4.0
0bdd44692f5e42bb,70922,2,0.5826,1.1485812952041625,3.0,3.0
52d58d4515c54422,69514,2,0.6262,1.100124633026123,2.0,2.0
c88579b3ad9a3218,360490,2,0.647,1.011376100063324,1.0,1.0
a83ea7b58d95ed4f,8074,3,0.5,1.389263501548767,6.0,6.0
705b59bb327205f7,157482,3,0.5154,1.3999923011779785,5.0,5.0
a73c7cf20a8bf855,68458,3,0.5946,1.1769800371170045,4.0,4.0
0bdd44692f5e42bb,70922,3,0.6568,0.9632475216865539,3.0,3.0
52d58d4515c54422,69514,3,0.7048,0.8451788177967071,2.0,2.0
c88579b3ad9a3218,360490,3,0.7204,0.8133651347160339,1.0,1.0
a83ea7b58d95ed4f,8074,4,0.5138,1.355968681716919,6.0,6.0
705b59bb327205f7,157482,4,0.5318,1.3573973917007447,5.0,5.0
a73c7cf20a8bf855,68458,4,0.6192,1.1062309467315674,4.0,4.0
0bdd44692f5e42bb,70922,4,0.651,0.9901202709197998,2.0,3.0
52d58d4515c54422,69514,4,0.6316,1.1056754717826842,3.0,2.0
c88579b3ad9a3218,360490,4,0.7428,0.7584866396427155,1.0,1.0
a83ea7b58d95ed4f,8074,5,0.4866,1.4341433633804321,6.0,6.0
705b59bb327205f7,157482,5,0.5242,1.4861066390037536,4.0,5.0
a73c7cf20a8bf855,68458,5,0.4902,1.724677108001709,5.0,4.0
0bdd44692f5e42bb,70922,5,0.6794,0.9064171398162841,3.0,3.0
52d58d4515c54422,69514,5,0.7026,0.8748312098503113,2.0,2.0
c88579b3ad9a3218,360490,5,0.7268,0.8170610691547394,1.0,1.0
a83ea7b58d95ed4f,8074,6,0.5216,1.3410701595306396,6.0,6.0
705b59bb327205f7,157482,6,0.6392,1.0216699419975281,5.0,5.0
a73c7cf20a8bf855,68458,6,0.6762,0.9262085884094239,4.0,4.0
0bdd44692f5e42bb,70922,6,0.691,0.8870019752502442,3.0,3.0
52d58d4515c54422,69514,6,0.7642,0.6919890681266785,2.0,2.0
c88579b3ad9a3218,360490,6,0.8046,0.5808234174251556,1.0,1.0
a83ea7b58d95ed4f,8074,7,0.5658,1.2314647514343262,6.0,6.0
705b59bb327205f7,157482,7,0.6316,1.067198441362381,5.0,5.0
a73c7cf20a8bf855,68458,7,0.6402,1.0343256141662598,4.0,4.0
0bdd44692f5e42bb,70922,7,0.6922,0.9068485052108765,3.0,3.0
52d58d4515c54422,69514,7,0.7512,0.7364387086868286,2.0,2.0
c88579b3ad9a3218,360490,7,0.7992,0.6039052870750428,1.0,1.0
a83ea7b58d95ed4f,8074,8,0.5396,1.306450486755371,6.0,6.0
705b59bb327205f7,157482,8,0.6112,1.1392201234817505,5.0,5.0
a73c7cf20a8bf855,68458,8,0.6856,0.902756534576416,4.0,4.0
0bdd44692f5e42bb,70922,8,0.7292,0.7879090689659118,3.0,3.0
52d58d4515c54422,69514,8,0.7504,0.7225935049057007,2.0,2.0
c88579b3ad9a3218,360490,8,0.8046,0.5827896363258361,1.0,1.0
a83ea7b58d95ed4f,8074,9,0.57,1.1934279376983643,6.0,6.0
705b59bb327205f7,157482,9,0.6144,1.1439602040290833,5.0,5.0
a73c7cf20a8bf855,68458,9,0.662,0.9525887563705444,4.0,4.0
0bdd44692f5e42bb,70922,9,0.7262,0.79233409948349,3.0,3.0
52d58d4515c54422,69514,9,0.7768,0.6440532296180725,2.0,2.0
c88579b3ad9a3218,360490,9,0.7952,0.6002713745117187,1.0,1.0
a83ea7b58d95ed4f,8074,10,0.5674,1.2121790887832642,6.0,6.0
705b59bb327205f7,157482,10,0.6408,1.0568921169281005,4.0,5.0
a73c7cf20a8bf855,68458,10,0.5984,1.2609646892547608,5.0,4.0
0bdd44692f5e42bb,70922,10,0.725,0.804098388671875,3.0,3.0
52d58d4515c54422,69514,10,0.7768,0.6579123583316803,2.0,2.0
c88579b3ad9a3218,360490,10,0.826,0.532910790014267,1.0,1.0
a83ea7b58d95ed4f,8074,11,0.587,1.1704803678512574,5.0,6.0
705b59bb327205f7,157482,11,0.5362,1.5020194423675537,6.0,5.0
a73c7cf20a8bf855,68458,11,0.6146,1.205649753475189,4.0,4.0
0bdd44692f5e42bb,70922,11,0.7042,0.8581951737880706,3.0,3.0
52d58d4515c54422,69514,11,0.7662,0.6681255279541015,2.0,2.0
c88579b3ad9a3218,360490,11,0.7712,0.7150305216252804,1.0,1.0
a83ea7b58d95ed4f,8074,12,0.5838,1.187497731590271,6.0,6.0
705b59bb327205f7,157482,12,0.6928,0.903990225982666,5.0,5.0
a73c7cf20a8bf855,68458,12,0.714,0.8296750829219818,4.0,4.0
0bdd44692f5e42bb,70922,12,0.758,0.696132170009613,3.0,3.0
52d58d4515c54422,69514,12,0.794,0.6031060996055603,2.0,2.0
c88579b3ad9a3218,360490,12,0.8294,0.5087268796443939,1.0,1.0
