strategy,trial_number,trial_id,elapsed_trial_seconds_cumulative,best_validation_accuracy
random,1,433f44ff,618.3376517295837,0.6788
random,2,4afac393,883.8294429779053,0.7404
random,3,3e3a160d,1138.2509968280792,0.7658
random,4,38939f8f,1225.4568746089935,0.7658
random,5,fbc1088a,1317.9767611026764,0.7658
random,6,0e0780b7,1490.9635808467865,0.7658
random,7,0d66d663,1753.6871297359467,0.7658
random,8,02b21540,1838.0898396968842,0.7658
random,9,5da1d897,2008.5922932624817,0.7658
random,10,2fa5a6a9,2437.1864380836487,0.7658
random,11,255a324f,3055.173993587494,0.7696
random,12,0e549372,3683.0154600143433,0.7744
random,13,2adc94eb,3824.160879611969,0.7744
random,14,01bea5c1,3898.062031507492,0.7744
random,15,d4eb4ab4,3975.8019680976868,0.7744
random,16,acd13a07,4143.29354429245,0.7744
bayesian,1,41dd0fba,260.6264684200287,0.6788
bayesian,2,8285376a,515.1436622142792,0.7404
bayesian,3,a4d360bb,762.2268555164337,0.7658
bayesian,4,5a794321,836.6964538097382,0.7658
bayesian,5,373c75ad,919.4807255268097,0.7658
bayesian,6,ba4a3639,1090.752762556076,0.7658
bayesian,7,fe49dd9d,1332.3908433914185,0.7658
bayesian,8,1450087b,1410.1367809772491,0.7658
bayesian,9,b63879fc,1572.7802941799164,0.7658
bayesian,10,279a1cf4,1817.0233478546143,0.7658
bayesian,11,f7e9a385,1898.0588686466217,0.7658
bayesian,12,cfa4f377,2449.7633810043335,0.7658
bayesian,13,a6f529f6,2702.7986273765564,0.7672
bayesian,14,705f71cf,2957.847872018814,0.7782
bayesian,15,d8891e5b,3044.1374735832214,0.7782
bayesian,16,e1df2cd4,3301.88889670372,0.7804
